{ "listdata": [{"path": "sparrowhz/res/Animate_sice_red/", "name": "sice_1.png", "md5": "bf8c2c6a113b1f75e4893c3a2eef6cb8"}, 
{"path": "sparrowhz/res/Animate_sice_red/", "name": "sice_2.png", "md5": "bd2fac90b6f17df7f2dac55c504c80c3"}, 
{"path": "sparrowhz/res/Animate_sice_red/", "name": "sice_3.png", "md5": "ed1d7cd43907e77d4fd8d15ed0b0d39b"}, 
{"path": "sparrowhz/res/Animate_sice_red/", "name": "sice_4.png", "md5": "c3c7b4f52b57c4d5970aff223bbc5ad4"}, 
{"path": "sparrowhz/res/Animate_sice_red/", "name": "sice_5.png", "md5": "a32dc41e74400598e82618490bf4103c"}, 
{"path": "sparrowhz/res/Animate_sice_red/", "name": "sice_6.png", "md5": "78779144a948015a5de93ee0dfa7b3b7"}, 
{"path": "sparrowhz/res/Animate_sice_white/", "name": "sice_1.png", "md5": "70f375f98afa2afcc75f192dbe963316"}, 
{"path": "sparrowhz/res/Animate_sice_white/", "name": "sice_2.png", "md5": "be64ccbc18bf67609cc1062782b66d67"}, 
{"path": "sparrowhz/res/Animate_sice_white/", "name": "sice_3.png", "md5": "35055e382ab7c885e551d8929bec2710"}, 
{"path": "sparrowhz/res/Animate_sice_white/", "name": "sice_4.png", "md5": "78bb385522244e6e8ef17acc474fc3fc"}, 
{"path": "sparrowhz/res/Animate_sice_white/", "name": "sice_5.png", "md5": "2fde4ba571424421a951a2674fbbb3ef"}, 
{"path": "sparrowhz/res/Animate_sice_white/", "name": "sice_6.png", "md5": "9ac3cee74bf45a6fe84f85b513b0b3b8"}, 
{"path": "sparrowhz/res/fonts/", "name": "round_body.ttf", "md5": "7b5c98a23993fb67ff9b05eea70ac37c"}, 
{"path": "sparrowhz/res/game/", "name": "389_sp_setLayer_bg.png", "md5": "430af730f2da7367ddb745f3f68e619f"}, 
{"path": "sparrowhz/res/game/", "name": "background_sparrowHz.png", "md5": "b8d08e76cfedd2fdaeb956c182db1f10"}, 
{"path": "sparrowhz/res/game/", "name": "card_back_up.png", "md5": "3521fa7a6181bf4291788964b4176279"}, 
{"path": "sparrowhz/res/game/", "name": "card_left.png", "md5": "fa3da3fbd144e694e92850f46b61d293"}, 
{"path": "sparrowhz/res/game/", "name": "card_right.png", "md5": "9b91d28a0ae1aef2f077f5ce5160fad6"}, 
{"path": "sparrowhz/res/game/font_big/", "name": "card_back.png", "md5": "537ebbb05f65213ee44887dc909f4e56"}, 
{"path": "sparrowhz/res/game/font_big/", "name": "card_down.png", "md5": "729ec387141d8ebb50c78a02303ffbbe"}, 
{"path": "sparrowhz/res/game/font_big/", "name": "card_up.png", "md5": "161e7e5d9d0828df30e0e179ca1fac8c"}, 
{"path": "sparrowhz/res/game/font_big/", "name": "font_0_1.png", "md5": "9d4b9db1f86375408860c4d8bfa8097b"}, 
{"path": "sparrowhz/res/game/font_big/", "name": "font_0_2.png", "md5": "8afc0cefdb61781abb7051bed11c3746"}, 
{"path": "sparrowhz/res/game/font_big/", "name": "font_0_3.png", "md5": "b20d1795cb5569417fbcd7fecffa39da"}, 
{"path": "sparrowhz/res/game/font_big/", "name": "font_0_4.png", "md5": "f89cf35febf4ca1f7a69815590f413d4"}, 
{"path": "sparrowhz/res/game/font_big/", "name": "font_0_5.png", "md5": "d88ce71da8a3b0204c0e9c86fbc0acdf"}, 
{"path": "sparrowhz/res/game/font_big/", "name": "font_0_6.png", "md5": "ae01c2a5fb7eaad221b0c52918eb4b7d"}, 
{"path": "sparrowhz/res/game/font_big/", "name": "font_0_7.png", "md5": "fa73d0d94b2bcc78c5a48f4ff46594c2"}, 
{"path": "sparrowhz/res/game/font_big/", "name": "font_0_8.png", "md5": "d9e8760940c1a70e98295ee14c0955bd"}, 
{"path": "sparrowhz/res/game/font_big/", "name": "font_0_9.png", "md5": "a0f028961056ea25836076f952a0c8e9"}, 
{"path": "sparrowhz/res/game/font_big/", "name": "font_1_1.png", "md5": "24757ed702877d3b97d9ae3670cbc0ff"}, 
{"path": "sparrowhz/res/game/font_big/", "name": "font_1_2.png", "md5": "ac73cc18e8c60b8dcf61e28e5595f547"}, 
{"path": "sparrowhz/res/game/font_big/", "name": "font_1_3.png", "md5": "08f057afc43464fc42ed5217fdea7e20"}, 
{"path": "sparrowhz/res/game/font_big/", "name": "font_1_4.png", "md5": "723561e88a92e4653167b273205d28bd"}, 
{"path": "sparrowhz/res/game/font_big/", "name": "font_1_5.png", "md5": "575784fbaa40ad1816a456c4eb9541ea"}, 
{"path": "sparrowhz/res/game/font_big/", "name": "font_1_6.png", "md5": "1f81f46a7958c3f056b60665abb71916"}, 
{"path": "sparrowhz/res/game/font_big/", "name": "font_1_7.png", "md5": "1396a16ae5052d7a4b63eab13beebd23"}, 
{"path": "sparrowhz/res/game/font_big/", "name": "font_1_8.png", "md5": "2fb28252bbf87a6a296c9eaa899e0777"}, 
{"path": "sparrowhz/res/game/font_big/", "name": "font_1_9.png", "md5": "27551a475926231a6b54117619092b50"}, 
{"path": "sparrowhz/res/game/font_big/", "name": "font_2_1.png", "md5": "bdd4eb0d29991c3292d7b28ee8b9118e"}, 
{"path": "sparrowhz/res/game/font_big/", "name": "font_2_2.png", "md5": "bbe1a5f9124568f003f3eb7ff7da70da"}, 
{"path": "sparrowhz/res/game/font_big/", "name": "font_2_3.png", "md5": "e60e2f43fe9c0e565a52e997a75f5f4d"}, 
{"path": "sparrowhz/res/game/font_big/", "name": "font_2_4.png", "md5": "e5d5462d0b87a55cf542d40592e7c04f"}, 
{"path": "sparrowhz/res/game/font_big/", "name": "font_2_5.png", "md5": "b8a2a46b295b9449034ef76d363ddc00"}, 
{"path": "sparrowhz/res/game/font_big/", "name": "font_2_6.png", "md5": "5a1ebbfa0c8acd69639d48bba0519b5f"}, 
{"path": "sparrowhz/res/game/font_big/", "name": "font_2_7.png", "md5": "9d803e9491f721b06c8232e62615fabf"}, 
{"path": "sparrowhz/res/game/font_big/", "name": "font_2_8.png", "md5": "f876540f27b2c818457d0cc253043345"}, 
{"path": "sparrowhz/res/game/font_big/", "name": "font_2_9.png", "md5": "7e08e18a0313dfefdbcc31854df4f96d"}, 
{"path": "sparrowhz/res/game/font_big/", "name": "font_3_1.png", "md5": "c5636ed69daab2b35513cdaa69424201"}, 
{"path": "sparrowhz/res/game/font_big/", "name": "font_3_2.png", "md5": "68a4baaccd32a691da62c4272e871b2e"}, 
{"path": "sparrowhz/res/game/font_big/", "name": "font_3_3.png", "md5": "0be525e48ed710bda529b1efaffb5d41"}, 
{"path": "sparrowhz/res/game/font_big/", "name": "font_3_4.png", "md5": "82140de9b94de57a57ee88be8765eedb"}, 
{"path": "sparrowhz/res/game/font_big/", "name": "font_3_5.png", "md5": "5f93417be1eb62e8ba4986991b383606"}, 
{"path": "sparrowhz/res/game/font_big/", "name": "font_3_6.png", "md5": "c12f358e48e307fcae247861a37b0f79"}, 
{"path": "sparrowhz/res/game/font_big/", "name": "font_3_7.png", "md5": "8665cdb8106d9b1d22bfd9930ddb9fb4"}, 
{"path": "sparrowhz/res/game/font_big/", "name": "shade_down.png", "md5": "8dfd3cb9c1182f55aad07bea41b86620"}, 
{"path": "sparrowhz/res/game/font_middle/", "name": "card_back.png", "md5": "6fd1698a23374bd4b794258df35ef048"}, 
{"path": "sparrowhz/res/game/font_middle/", "name": "card_down.png", "md5": "f19b9e92c2201be1a97677d844a32bbc"}, 
{"path": "sparrowhz/res/game/font_middle/", "name": "font_0_1.png", "md5": "b7d65e935063b6a85adb8a71a8515d80"}, 
{"path": "sparrowhz/res/game/font_middle/", "name": "font_0_2.png", "md5": "11ac5a6b24253129d71bc8ee6c6b764d"}, 
{"path": "sparrowhz/res/game/font_middle/", "name": "font_0_3.png", "md5": "175b4e7940c896b67db904845518d7b8"}, 
{"path": "sparrowhz/res/game/font_middle/", "name": "font_0_4.png", "md5": "d5f983e4f50d9a114bbbcabf2a2c304e"}, 
{"path": "sparrowhz/res/game/font_middle/", "name": "font_0_5.png", "md5": "c8b7f87012e8998e66a72217373e7a55"}, 
{"path": "sparrowhz/res/game/font_middle/", "name": "font_0_6.png", "md5": "e66f554c7d5830e526d532741dfb2eda"}, 
{"path": "sparrowhz/res/game/font_middle/", "name": "font_0_7.png", "md5": "8064b7c27c056caccd3529a41cc9f94a"}, 
{"path": "sparrowhz/res/game/font_middle/", "name": "font_0_8.png", "md5": "e2a908eb67b10dfdecdd76379e6afb24"}, 
{"path": "sparrowhz/res/game/font_middle/", "name": "font_0_9.png", "md5": "675f650e504b4d19e52a9c1b03b47156"}, 
{"path": "sparrowhz/res/game/font_middle/", "name": "font_1_1.png", "md5": "6c504f4e015a72777b85b08522de09a5"}, 
{"path": "sparrowhz/res/game/font_middle/", "name": "font_1_2.png", "md5": "ff681365d422ee9e6b601efa5d335d73"}, 
{"path": "sparrowhz/res/game/font_middle/", "name": "font_1_3.png", "md5": "5f74a48ee1c1024a4d815847aa6fe8e1"}, 
{"path": "sparrowhz/res/game/font_middle/", "name": "font_1_4.png", "md5": "219bb9d13dba2f3355a32448b0a16bf7"}, 
{"path": "sparrowhz/res/game/font_middle/", "name": "font_1_5.png", "md5": "0026c55a2551f06dbaf050bc10008c86"}, 
{"path": "sparrowhz/res/game/font_middle/", "name": "font_1_6.png", "md5": "86cbbb7def62ccb3836ba260a08dd817"}, 
{"path": "sparrowhz/res/game/font_middle/", "name": "font_1_7.png", "md5": "aa43ecdf20598427b72157a6ce5c6734"}, 
{"path": "sparrowhz/res/game/font_middle/", "name": "font_1_8.png", "md5": "8eba44d160c4a5341235dbdad69c0cf3"}, 
{"path": "sparrowhz/res/game/font_middle/", "name": "font_1_9.png", "md5": "d47de1ca3887937bf7aad2784d1aa595"}, 
{"path": "sparrowhz/res/game/font_middle/", "name": "font_2_1.png", "md5": "5ae6ee1fe8928c4621d14fba3105e97e"}, 
{"path": "sparrowhz/res/game/font_middle/", "name": "font_2_2.png", "md5": "de63600c43e23035e5b5c4afb28861f6"}, 
{"path": "sparrowhz/res/game/font_middle/", "name": "font_2_3.png", "md5": "946313098e31fa55d0da507601c19778"}, 
{"path": "sparrowhz/res/game/font_middle/", "name": "font_2_4.png", "md5": "022f17d63d387adadae5d49db479f5e8"}, 
{"path": "sparrowhz/res/game/font_middle/", "name": "font_2_5.png", "md5": "9fc7332f0c2962123ff1301e2b9ca9e5"}, 
{"path": "sparrowhz/res/game/font_middle/", "name": "font_2_6.png", "md5": "e69901cefd444bb839447ab7976a89d7"}, 
{"path": "sparrowhz/res/game/font_middle/", "name": "font_2_7.png", "md5": "edfcc8017869ccee7d4db5f08e988efd"}, 
{"path": "sparrowhz/res/game/font_middle/", "name": "font_2_8.png", "md5": "457f51fab6e402ab93b534e93d9b0e7c"}, 
{"path": "sparrowhz/res/game/font_middle/", "name": "font_2_9.png", "md5": "8e0e5c832c129be11982c164136e441e"}, 
{"path": "sparrowhz/res/game/font_middle/", "name": "font_3_1.png", "md5": "9e40df28eaabfb30a302dd2a1ebec172"}, 
{"path": "sparrowhz/res/game/font_middle/", "name": "font_3_2.png", "md5": "54999a9ba365cc42fd1b30d7dad815da"}, 
{"path": "sparrowhz/res/game/font_middle/", "name": "font_3_3.png", "md5": "01071b22457f5125196e6ccc50977aaa"}, 
{"path": "sparrowhz/res/game/font_middle/", "name": "font_3_4.png", "md5": "4f4b2ea40337a9d78bad18364d942e32"}, 
{"path": "sparrowhz/res/game/font_middle/", "name": "font_3_5.png", "md5": "4b0ab7de8f0bed89be5dbf712d2596e3"}, 
{"path": "sparrowhz/res/game/font_middle/", "name": "font_3_6.png", "md5": "454df9fbe48132ba077b2718fabb8b8c"}, 
{"path": "sparrowhz/res/game/font_middle/", "name": "font_3_7.png", "md5": "d12e9bc98187977cc06e5c8fd922d127"}, 
{"path": "sparrowhz/res/game/font_middle/", "name": "shade_down.png", "md5": "807e0c32fcc7a77a43ce692546ae0060"}, 
{"path": "sparrowhz/res/game/font_small/", "name": "card_back.png", "md5": "135c3cf4b598a9fe338788fb94ce5b0e"}, 
{"path": "sparrowhz/res/game/font_small/", "name": "card_down.png", "md5": "06b611e9a1bcbe4cdeaa40724813786f"}, 
{"path": "sparrowhz/res/game/font_small/", "name": "card_up.png", "md5": "b699201964521d9bfcb050fabf5044d7"}, 
{"path": "sparrowhz/res/game/font_small/", "name": "font_0_1.png", "md5": "f305db485cf242581cd5d012a7563fae"}, 
{"path": "sparrowhz/res/game/font_small/", "name": "font_0_2.png", "md5": "c71df046d2b35570c1a505996caa7c15"}, 
{"path": "sparrowhz/res/game/font_small/", "name": "font_0_3.png", "md5": "05105ef4d88d119258eec3f95c293d11"}, 
{"path": "sparrowhz/res/game/font_small/", "name": "font_0_4.png", "md5": "98854b265c77000ef8d0d6005a252300"}, 
{"path": "sparrowhz/res/game/font_small/", "name": "font_0_5.png", "md5": "5d8080ffa51be827c7d0315d83007edf"}, 
{"path": "sparrowhz/res/game/font_small/", "name": "font_0_6.png", "md5": "09737177adbc301cf59d64c819f00e4a"}, 
{"path": "sparrowhz/res/game/font_small/", "name": "font_0_7.png", "md5": "b7981898d2ad0a0fc62916c9b5071069"}, 
{"path": "sparrowhz/res/game/font_small/", "name": "font_0_8.png", "md5": "6f5e5ab613aaae03b170e7232cf8e74b"}, 
{"path": "sparrowhz/res/game/font_small/", "name": "font_0_9.png", "md5": "fb8459a5ea7f36a59d4349c00304f9dc"}, 
{"path": "sparrowhz/res/game/font_small/", "name": "font_1_1.png", "md5": "bd7b8eac295a6ef6430d5162525e6570"}, 
{"path": "sparrowhz/res/game/font_small/", "name": "font_1_2.png", "md5": "91297fb6bf6d885bb5dcafc4114c8d86"}, 
{"path": "sparrowhz/res/game/font_small/", "name": "font_1_3.png", "md5": "8715aba3ae0d604e745133c7f25da9cb"}, 
{"path": "sparrowhz/res/game/font_small/", "name": "font_1_4.png", "md5": "9a54044c5ac3530341d2cdf21fddd79e"}, 
{"path": "sparrowhz/res/game/font_small/", "name": "font_1_5.png", "md5": "6ba73f185ef50f2c76653c98e2020ffd"}, 
{"path": "sparrowhz/res/game/font_small/", "name": "font_1_6.png", "md5": "a0b0263a9cdf77a26012aea279688a20"}, 
{"path": "sparrowhz/res/game/font_small/", "name": "font_1_7.png", "md5": "9bdf5f311dea2b7f24d693f44a8da3d1"}, 
{"path": "sparrowhz/res/game/font_small/", "name": "font_1_8.png", "md5": "c3eed67a8d5bee9a819de54a870bb808"}, 
{"path": "sparrowhz/res/game/font_small/", "name": "font_1_9.png", "md5": "a1afab417bdd2f9c366ef524d71ed723"}, 
{"path": "sparrowhz/res/game/font_small/", "name": "font_2_1.png", "md5": "fb09009fec6b1b50b433109efe480a40"}, 
{"path": "sparrowhz/res/game/font_small/", "name": "font_2_2.png", "md5": "1ac14fe816c916e6428688220de46da8"}, 
{"path": "sparrowhz/res/game/font_small/", "name": "font_2_3.png", "md5": "32826d9d8f396b17a356e82fe87397b9"}, 
{"path": "sparrowhz/res/game/font_small/", "name": "font_2_4.png", "md5": "e65cf69fec46833435380a564d086b8a"}, 
{"path": "sparrowhz/res/game/font_small/", "name": "font_2_5.png", "md5": "d6f60423b8f166ed54188821940e06db"}, 
{"path": "sparrowhz/res/game/font_small/", "name": "font_2_6.png", "md5": "dccb4563db62bb98cd9a96f5441a772c"}, 
{"path": "sparrowhz/res/game/font_small/", "name": "font_2_7.png", "md5": "21058d7c619d89a69d6a05cec8cfdaec"}, 
{"path": "sparrowhz/res/game/font_small/", "name": "font_2_8.png", "md5": "6d1e2d3fd14a28e91a95ac3e7bc818fa"}, 
{"path": "sparrowhz/res/game/font_small/", "name": "font_2_9.png", "md5": "c241b4f94fc12352a023bfa48ee507f0"}, 
{"path": "sparrowhz/res/game/font_small/", "name": "font_3_1.png", "md5": "0ad34c1d584c62128349626cea0cd6bd"}, 
{"path": "sparrowhz/res/game/font_small/", "name": "font_3_2.png", "md5": "b2682b975950e5f307499e82b30ca939"}, 
{"path": "sparrowhz/res/game/font_small/", "name": "font_3_3.png", "md5": "07cbc720c1de759810c5ecfdbc2ffc77"}, 
{"path": "sparrowhz/res/game/font_small/", "name": "font_3_4.png", "md5": "1b4b5ff5fe10a77be5b2b21fa29099e6"}, 
{"path": "sparrowhz/res/game/font_small/", "name": "font_3_5.png", "md5": "26d3e347bce44d712c8c916c433adb37"}, 
{"path": "sparrowhz/res/game/font_small/", "name": "font_3_6.png", "md5": "29dfda28b407b171b88bbf777d75459a"}, 
{"path": "sparrowhz/res/game/font_small/", "name": "font_3_7.png", "md5": "e381c8d4ebfff6b98fc7fe6976b3773d"}, 
{"path": "sparrowhz/res/game/font_small/", "name": "shade_down.png", "md5": "d119ecee2cfcb7dfe834e2bdfd04bcaa"}, 
{"path": "sparrowhz/res/game/font_small_side/", "name": "card_back.png", "md5": "6d5c54f02a4ec45ff38ac8a2358d8867"}, 
{"path": "sparrowhz/res/game/font_small_side/", "name": "card_down.png", "md5": "2a75a50a87dcbc97eea4f67cf3a36f3e"}, 
{"path": "sparrowhz/res/game/font_small_side/", "name": "font_0_1.png", "md5": "3f1fb8dddefe2ed5b48b76efae9f8613"}, 
{"path": "sparrowhz/res/game/font_small_side/", "name": "font_0_2.png", "md5": "5c2213299938b0187760f61dc9141774"}, 
{"path": "sparrowhz/res/game/font_small_side/", "name": "font_0_3.png", "md5": "246e9b621d424622d65c6608b8e11b48"}, 
{"path": "sparrowhz/res/game/font_small_side/", "name": "font_0_4.png", "md5": "eb58e91c4543be9162e3314ea9205668"}, 
{"path": "sparrowhz/res/game/font_small_side/", "name": "font_0_5.png", "md5": "775ecf5a34bd9b19e7c31a31100a15cb"}, 
{"path": "sparrowhz/res/game/font_small_side/", "name": "font_0_6.png", "md5": "f0baac930451e4bcf5255e9763ae4625"}, 
{"path": "sparrowhz/res/game/font_small_side/", "name": "font_0_7.png", "md5": "755aeb828a30086b20f2f6133a4ba58f"}, 
{"path": "sparrowhz/res/game/font_small_side/", "name": "font_0_8.png", "md5": "1b81c57051e65091940ce363be1a485f"}, 
{"path": "sparrowhz/res/game/font_small_side/", "name": "font_0_9.png", "md5": "d560bc3c60593548079fa56578ad94c3"}, 
{"path": "sparrowhz/res/game/font_small_side/", "name": "font_1_1.png", "md5": "3e2405ac014ef65820a0d18b670d386c"}, 
{"path": "sparrowhz/res/game/font_small_side/", "name": "font_1_2.png", "md5": "e4f50385dd1bca1b6f52938b693b6d26"}, 
{"path": "sparrowhz/res/game/font_small_side/", "name": "font_1_3.png", "md5": "b8e02ec001d682120e58802e8bef906a"}, 
{"path": "sparrowhz/res/game/font_small_side/", "name": "font_1_4.png", "md5": "afd3bde9f3c3c7f6ad69049cd15c3f89"}, 
{"path": "sparrowhz/res/game/font_small_side/", "name": "font_1_5.png", "md5": "0ef9deb9e0bb3698813e6f5c4cc38c35"}, 
{"path": "sparrowhz/res/game/font_small_side/", "name": "font_1_6.png", "md5": "b75ce50e0cfc0ab69625be5e46800678"}, 
{"path": "sparrowhz/res/game/font_small_side/", "name": "font_1_7.png", "md5": "24479b0548955cda050c709a6ddabe07"}, 
{"path": "sparrowhz/res/game/font_small_side/", "name": "font_1_8.png", "md5": "62e4d79bc64dcf1f1db29cc52d528739"}, 
{"path": "sparrowhz/res/game/font_small_side/", "name": "font_1_9.png", "md5": "b0744acd80b484de2f270063b5cdf811"}, 
{"path": "sparrowhz/res/game/font_small_side/", "name": "font_2_1.png", "md5": "78a0f01d7e6702a388fdf37d8c56ea2d"}, 
{"path": "sparrowhz/res/game/font_small_side/", "name": "font_2_2.png", "md5": "0ca7d1b095ff68e399c56d1fe831995b"}, 
{"path": "sparrowhz/res/game/font_small_side/", "name": "font_2_3.png", "md5": "95f716fe9aa3fe74a20e0b34e024870e"}, 
{"path": "sparrowhz/res/game/font_small_side/", "name": "font_2_4.png", "md5": "701cd7ad95173d2067ff8cf4b7d8b11f"}, 
{"path": "sparrowhz/res/game/font_small_side/", "name": "font_2_5.png", "md5": "ec89e48de05072d3dff7f6ca4c71ab79"}, 
{"path": "sparrowhz/res/game/font_small_side/", "name": "font_2_6.png", "md5": "ac04e00b3f3b6de69c09f40faad297ab"}, 
{"path": "sparrowhz/res/game/font_small_side/", "name": "font_2_7.png", "md5": "b66897e7794bc8043333c35cd5b9e8e5"}, 
{"path": "sparrowhz/res/game/font_small_side/", "name": "font_2_8.png", "md5": "20c1d55aeb92de26d847391ada0888a7"}, 
{"path": "sparrowhz/res/game/font_small_side/", "name": "font_2_9.png", "md5": "90b9e2460538783d622b4615aa8263ac"}, 
{"path": "sparrowhz/res/game/font_small_side/", "name": "font_3_1.png", "md5": "9aad9e6034ea28b41e9835608ed2d07e"}, 
{"path": "sparrowhz/res/game/font_small_side/", "name": "font_3_2.png", "md5": "906cc63cba2e6c6a43a21cede828a3b1"}, 
{"path": "sparrowhz/res/game/font_small_side/", "name": "font_3_3.png", "md5": "8d8d70863e9b84f5319b395e1ccaf075"}, 
{"path": "sparrowhz/res/game/font_small_side/", "name": "font_3_4.png", "md5": "8748da8944b041ce8e7345e0cb5b887e"}, 
{"path": "sparrowhz/res/game/font_small_side/", "name": "font_3_5.png", "md5": "62b65b90ce8554bc515fba3e9aaf4930"}, 
{"path": "sparrowhz/res/game/font_small_side/", "name": "font_3_6.png", "md5": "e359b86745a6b56b8ea02d0bc39fde92"}, 
{"path": "sparrowhz/res/game/font_small_side/", "name": "font_3_7.png", "md5": "42f6935eafd092ce7319de4e79b784d2"}, 
{"path": "sparrowhz/res/game/font_small_side/", "name": "shade_down.png", "md5": "eceb89243314382565176f536ff3b45f"}, 
{"path": "sparrowhz/res/game/", "name": "GameScene.csb", "md5": "3f3c7cc4cfd0400894be87e8c72e8b31"}, 
{"path": "sparrowhz/res/game/", "name": "num_clock.png", "md5": "6f7e76dae7bebfbc0079974fc6f8693b"}, 
{"path": "sparrowhz/res/game/", "name": "num_score.png", "md5": "49cf2649f4bef6f31dfac1a8dad6366c"}, 
{"path": "sparrowhz/res/game/", "name": "Player.csb", "md5": "2ad70e0321f92545afdd8e94cb4fe06c"}, 
{"path": "sparrowhz/res/game/", "name": "SetLayer.csb", "md5": "ae8e0d540a98c7f33d9b76b4ee3ee70d"}, 
{"path": "sparrowhz/res/game/", "name": "sp_trusteeCover.png", "md5": "84b131e8184a17fa1c8c0dee69b57558"}, 
{"path": "sparrowhz/res/game/", "name": "sp_trusteeMan.png", "md5": "b2b4d8bf24842487cd34536609bc51ed"}, 
{"path": "sparrowhz/res/game/", "name": "TrusteeCoverLayer.csb", "md5": "02fa20fd78d49a93480d91fc665d8f8d"}, 
{"path": "sparrowhz/res/gameResult/", "name": "GameResultLayer.csb", "md5": "6b0d4f65602842322420f5e73b0132e5"}, 
{"path": "sparrowhz/res/gameResult/", "name": "nodeUser.csb", "md5": "625544470e5ee07475a7a51a2b80084b"}, 
{"path": "sparrowhz/res/gameResult/", "name": "num_lose.png", "md5": "e67d256544ea34d2b53fb25c808fea26"}, 
{"path": "sparrowhz/res/gameResult/", "name": "num_win.png", "md5": "af081d80e47cd1739ac6c4381875f2aa"}, 
{"path": "sparrowhz/res/gameResult/", "name": "result_background.png", "md5": "c7d986fb3d8abbf4185e41dacab24a9c"}, 
{"path": "sparrowhz/res/gameResult/", "name": "result_background_1.png", "md5": "a017ef846565d1ead521d3b8e12e82bd"}, 
{"path": "sparrowhz/res/gameResult/", "name": "win_background.png", "md5": "55bd215d4fad41b60fe2004daeab1c6e"}, 
{"path": "sparrowhz/res/", "name": "gameScene.plist", "md5": "9e5bef73d83b60bb8ec2c60b8ec8a854"}, 
{"path": "sparrowhz/res/", "name": "gameScene.png", "md5": "ecd56ec7f8b155db6718ce5c984d8d61"}, 
{"path": "sparrowhz/res/roomlist/", "name": "icon_roomlist_0.png", "md5": "84a87d84caef49b2d9f5c70d71d629f4"}, 
{"path": "sparrowhz/res/roomlist/", "name": "icon_roomlist_1.png", "md5": "af613ec83c499b7a72b139465269efd4"}, 
{"path": "sparrowhz/res/roomlist/", "name": "icon_roomlist_2.png", "md5": "9e8c1f294c5b17297a5ebf07e7b03fd1"}, 
{"path": "sparrowhz/res/roomlist/", "name": "roomtable.png", "md5": "ddf8369c60dec1f573e2689c0fbdf817"}, 
{"path": "sparrowhz/res/roomlist/", "name": "roomtable_play.png", "md5": "b8056410f4f8582007b02cbef6340b1f"}, 
{"path": "sparrowhz/res/sound/", "name": "BACK_PLAYING.wav", "md5": "ebbe99542bedcf07be50dbc921f1d3d7"}, 
{"path": "sparrowhz/res/sound/BOY/", "name": "CHI.wav", "md5": "1142c62a0cae193e58e6ed9a1b8ca032"}, 
{"path": "sparrowhz/res/sound/BOY/", "name": "CHI_HU.wav", "md5": "f6fe868feaebe12dd2bd677422f5b943"}, 
{"path": "sparrowhz/res/sound/BOY/", "name": "F_1.wav", "md5": "8f041cabb9816658f28e3f26918dcf64"}, 
{"path": "sparrowhz/res/sound/BOY/", "name": "F_2.wav", "md5": "0375d47effb7c0a85a7d693f76aec998"}, 
{"path": "sparrowhz/res/sound/BOY/", "name": "F_3.wav", "md5": "cd502a89aa98b0d602ae69f8cb6d695a"}, 
{"path": "sparrowhz/res/sound/BOY/", "name": "F_4.wav", "md5": "e9c4001f58c40edfd3e6022b07947eb8"}, 
{"path": "sparrowhz/res/sound/BOY/", "name": "F_5.wav", "md5": "b30f848e1d01f33238798b728c2f0da2"}, 
{"path": "sparrowhz/res/sound/BOY/", "name": "F_6.wav", "md5": "849d1a87880eb455fb032a822d9766b9"}, 
{"path": "sparrowhz/res/sound/BOY/", "name": "F_7.wav", "md5": "d48e13ec698b6cbb1bb8665237063d82"}, 
{"path": "sparrowhz/res/sound/BOY/", "name": "GANG.wav", "md5": "7b915544738067699c29872e3cd63a70"}, 
{"path": "sparrowhz/res/sound/BOY/", "name": "PENG.wav", "md5": "39e6d8c67c83d0c7caa6837739dbecf7"}, 
{"path": "sparrowhz/res/sound/BOY/", "name": "REPLACE.wav", "md5": "eeb849af63443adec70f73a235534552"}, 
{"path": "sparrowhz/res/sound/BOY/", "name": "S_1.wav", "md5": "29772faa53fac36c418b77ae4fde9be3"}, 
{"path": "sparrowhz/res/sound/BOY/", "name": "S_2.wav", "md5": "9cade28951848c47cde50e786279a115"}, 
{"path": "sparrowhz/res/sound/BOY/", "name": "S_3.wav", "md5": "f8ef96efc14c568b51f316c6c9f794b0"}, 
{"path": "sparrowhz/res/sound/BOY/", "name": "S_4.wav", "md5": "856b7dc264e1c8352513b6a19d5de622"}, 
{"path": "sparrowhz/res/sound/BOY/", "name": "S_5.wav", "md5": "1d48e42b56869e6b82b548076e620bdf"}, 
{"path": "sparrowhz/res/sound/BOY/", "name": "S_6.wav", "md5": "6e611497c9dbca77fff1e3ae7f0407b7"}, 
{"path": "sparrowhz/res/sound/BOY/", "name": "S_7.wav", "md5": "86662db99dcc6c544fa4df8e3b330342"}, 
{"path": "sparrowhz/res/sound/BOY/", "name": "S_8.wav", "md5": "d17557b05737fa0fb32e7c90c09d5e21"}, 
{"path": "sparrowhz/res/sound/BOY/", "name": "S_9.wav", "md5": "a34f65448e1800c17ddbfe220adde504"}, 
{"path": "sparrowhz/res/sound/BOY/", "name": "TING.wav", "md5": "56b02c0918f0a08a412b8c13c794e0a7"}, 
{"path": "sparrowhz/res/sound/BOY/", "name": "T_1.wav", "md5": "2c9397817ff35658cfaa89c8fab603ce"}, 
{"path": "sparrowhz/res/sound/BOY/", "name": "T_2.wav", "md5": "2721810a48cf073c29ea8fac9b3ed0c2"}, 
{"path": "sparrowhz/res/sound/BOY/", "name": "T_3.wav", "md5": "3724594dde3cfadb661be60a58645174"}, 
{"path": "sparrowhz/res/sound/BOY/", "name": "T_4.wav", "md5": "82db97612719c1f9db0cde0741c87571"}, 
{"path": "sparrowhz/res/sound/BOY/", "name": "T_5.wav", "md5": "24186eb2186c7d42db5e1bf24418606c"}, 
{"path": "sparrowhz/res/sound/BOY/", "name": "T_6.wav", "md5": "1657415b565f3ff50c97f66b3a00820e"}, 
{"path": "sparrowhz/res/sound/BOY/", "name": "T_7.wav", "md5": "4eaf0a5e14d00d4db28455b517573cf2"}, 
{"path": "sparrowhz/res/sound/BOY/", "name": "T_8.wav", "md5": "03f891b0ac25c95d8d076da3aa8141bc"}, 
{"path": "sparrowhz/res/sound/BOY/", "name": "T_9.wav", "md5": "e0bdf6d6f91ef931f7ae0c64730397f4"}, 
{"path": "sparrowhz/res/sound/BOY/", "name": "W_1.wav", "md5": "0c7b8a66b77ff2524d16fded8a10bd5e"}, 
{"path": "sparrowhz/res/sound/BOY/", "name": "W_2.wav", "md5": "26853afe1315b07a66546b2ac489885d"}, 
{"path": "sparrowhz/res/sound/BOY/", "name": "W_3.wav", "md5": "fe7fdcfb68e0a595a839aa5c79a82e4f"}, 
{"path": "sparrowhz/res/sound/BOY/", "name": "W_4.wav", "md5": "12ad8a986600b1602d2c9c97a1b94541"}, 
{"path": "sparrowhz/res/sound/BOY/", "name": "W_5.wav", "md5": "c21adb61c8523847f1702f57dbbbea6a"}, 
{"path": "sparrowhz/res/sound/BOY/", "name": "W_6.wav", "md5": "2fcc8adb0e59b99e1397ab879eae6a84"}, 
{"path": "sparrowhz/res/sound/BOY/", "name": "W_7.wav", "md5": "3a6d6dbfb639fa2604d3c0f190df1331"}, 
{"path": "sparrowhz/res/sound/BOY/", "name": "W_8.wav", "md5": "6a9b45c55eb19e9e6d1c2a4d6d19fa0a"}, 
{"path": "sparrowhz/res/sound/BOY/", "name": "W_9.wav", "md5": "ec0980c962e8b5c9953bb2aecb42036c"}, 
{"path": "sparrowhz/res/sound/", "name": "DRAW_SICE.wav", "md5": "ba95c34e0c6f09e8b26b2bba9c245d41"}, 
{"path": "sparrowhz/res/sound/", "name": "GAME_START.wav", "md5": "958e505c5be42507fe33d159e27a1f43"}, 
{"path": "sparrowhz/res/sound/", "name": "GAME_TRUSTEE.wav", "md5": "046d22829644b47aaad332e8bbc76c42"}, 
{"path": "sparrowhz/res/sound/", "name": "GAME_UNTRUSTEE.wav", "md5": "84a6693a087943c024171f60a9929ea5"}, 
{"path": "sparrowhz/res/sound/", "name": "GAME_WARN.wav", "md5": "60879d23a8ba78db6b33fb3057ded065"}, 
{"path": "sparrowhz/res/sound/GIRL/", "name": "CHI.wav", "md5": "fc90bf0ae1528f4a735fe1d64d959d1d"}, 
{"path": "sparrowhz/res/sound/GIRL/", "name": "CHI_HU.wav", "md5": "7823214a5016077a3d6960f03800570b"}, 
{"path": "sparrowhz/res/sound/GIRL/", "name": "F_1.wav", "md5": "8a06e7b67b015272b88c829b7ec825f8"}, 
{"path": "sparrowhz/res/sound/GIRL/", "name": "F_2.wav", "md5": "75299a27f3b149eef9992944769b6624"}, 
{"path": "sparrowhz/res/sound/GIRL/", "name": "F_3.wav", "md5": "1b182c52093d6ce6e1b9ffe2a1d374da"}, 
{"path": "sparrowhz/res/sound/GIRL/", "name": "F_4.wav", "md5": "e9ad334caa6ff1ab1b3dc3ad943158c3"}, 
{"path": "sparrowhz/res/sound/GIRL/", "name": "F_5.wav", "md5": "f11aa38800751b49101bc5cc6d517e0a"}, 
{"path": "sparrowhz/res/sound/GIRL/", "name": "F_6.wav", "md5": "f4f46292d8db622744508e531b4be05b"}, 
{"path": "sparrowhz/res/sound/GIRL/", "name": "F_7.wav", "md5": "1eb3b914a7bd36cc140bcfd3c0f2035b"}, 
{"path": "sparrowhz/res/sound/GIRL/", "name": "GANG.wav", "md5": "9dc8db2da139fcceeca5ae4e628f2b5d"}, 
{"path": "sparrowhz/res/sound/GIRL/", "name": "PENG.wav", "md5": "1e23ebbfae77eb74af91f97c7b6fafbb"}, 
{"path": "sparrowhz/res/sound/GIRL/", "name": "REPLACE.wav", "md5": "edc9e6d6db21710f1ccbc02d361ad0c9"}, 
{"path": "sparrowhz/res/sound/GIRL/", "name": "S_1.wav", "md5": "c4eb25014dc488624edfc3a551b0ec56"}, 
{"path": "sparrowhz/res/sound/GIRL/", "name": "S_2.wav", "md5": "668757e17bfd33377ac4fb3d6932cf24"}, 
{"path": "sparrowhz/res/sound/GIRL/", "name": "S_3.wav", "md5": "376b49332a7c9371f98de203a7cd5045"}, 
{"path": "sparrowhz/res/sound/GIRL/", "name": "S_4.wav", "md5": "d7e260d54ae54c647a4658ce69678ca0"}, 
{"path": "sparrowhz/res/sound/GIRL/", "name": "S_5.wav", "md5": "3d32b715884e84c78e6bbb96df0e5d71"}, 
{"path": "sparrowhz/res/sound/GIRL/", "name": "S_6.wav", "md5": "834404c036074857f8f61958291f107d"}, 
{"path": "sparrowhz/res/sound/GIRL/", "name": "S_7.wav", "md5": "fbf363a4b9c9c81747eb0b82a1da1d3c"}, 
{"path": "sparrowhz/res/sound/GIRL/", "name": "S_8.wav", "md5": "94597d604bc6cdc4f193c2d0bc278040"}, 
{"path": "sparrowhz/res/sound/GIRL/", "name": "S_9.wav", "md5": "c74c3e9dd4ddbae8a5ca3e6b2f80b2be"}, 
{"path": "sparrowhz/res/sound/GIRL/", "name": "TING.wav", "md5": "94678ebf4ad6ad7f6d4a321615291f5d"}, 
{"path": "sparrowhz/res/sound/GIRL/", "name": "T_1.wav", "md5": "22f57697021d30b4b0a71ad88a6912c4"}, 
{"path": "sparrowhz/res/sound/GIRL/", "name": "T_2.wav", "md5": "d28552bc3e2a08c2e862e7d242c1976c"}, 
{"path": "sparrowhz/res/sound/GIRL/", "name": "T_3.wav", "md5": "a4b4cd0f6f472e92f7cd50c2b6550d96"}, 
{"path": "sparrowhz/res/sound/GIRL/", "name": "T_4.wav", "md5": "65f30cb4596084ff834ab8a1d4644bd6"}, 
{"path": "sparrowhz/res/sound/GIRL/", "name": "T_5.wav", "md5": "92c939c246efaa21f7d32ac1c72ef429"}, 
{"path": "sparrowhz/res/sound/GIRL/", "name": "T_6.wav", "md5": "7b4b4f4f3a2d3d036a6bfe0934648bfc"}, 
{"path": "sparrowhz/res/sound/GIRL/", "name": "T_7.wav", "md5": "0c42abffc9510a63c14bea10e45e35d7"}, 
{"path": "sparrowhz/res/sound/GIRL/", "name": "T_8.wav", "md5": "5ac7b6dd65779747b8bbc3fbba157f3f"}, 
{"path": "sparrowhz/res/sound/GIRL/", "name": "T_9.wav", "md5": "928ef32e00d300a27b1d3a287cddbdb1"}, 
{"path": "sparrowhz/res/sound/GIRL/", "name": "W_1.wav", "md5": "65666ec314141d0fbd2c0f2550b01f46"}, 
{"path": "sparrowhz/res/sound/GIRL/", "name": "W_2.wav", "md5": "d970107b530f4bc1927c69994e03336a"}, 
{"path": "sparrowhz/res/sound/GIRL/", "name": "W_3.wav", "md5": "2c1d6e563d25944ca23e0e0ed55e67a6"}, 
{"path": "sparrowhz/res/sound/GIRL/", "name": "W_4.wav", "md5": "4ce3f9745a30562c07439b0475be069e"}, 
{"path": "sparrowhz/res/sound/GIRL/", "name": "W_5.wav", "md5": "8e0d89bbf9f031a3f4729f9b39f9e7c8"}, 
{"path": "sparrowhz/res/sound/GIRL/", "name": "W_6.wav", "md5": "863905cea6625a4b349cc62b398c3def"}, 
{"path": "sparrowhz/res/sound/GIRL/", "name": "W_7.wav", "md5": "8d107dffb3b1ceea65045f7e349e6fd8"}, 
{"path": "sparrowhz/res/sound/GIRL/", "name": "W_8.wav", "md5": "81381a86823281d07d62a43d52b62a64"}, 
{"path": "sparrowhz/res/sound/GIRL/", "name": "W_9.wav", "md5": "2c4bf8d1980107303bdad39522329109"}, 
{"path": "sparrowhz/res/sound/", "name": "OUT_CARD.wav", "md5": "24d0b40c827d7ce7503f68d4ecbaca71"}, 
{"path": "sparrowhz/res/sound/", "name": "PACK_CARD.wav", "md5": "89a1184a45701b1f8ea13768d7b74ef3"}, 
{"path": "sparrowhz/res/sound/PhraseVoice/BOY/", "name": "6603000.wav", "md5": "4507a322828458b2023ad315273c2bd7"}, 
{"path": "sparrowhz/res/sound/PhraseVoice/BOY/", "name": "6603001.wav", "md5": "85141882402eebc73c8b2ea7ebe8f40f"}, 
{"path": "sparrowhz/res/sound/PhraseVoice/BOY/", "name": "6603002.wav", "md5": "78067824a74416c81eef03990ddedb99"}, 
{"path": "sparrowhz/res/sound/PhraseVoice/BOY/", "name": "6603003.wav", "md5": "4a6566112c07d9d84b96c45d5a1a6090"}, 
{"path": "sparrowhz/res/sound/PhraseVoice/BOY/", "name": "6603004.wav", "md5": "28896e361663735e3efd8b2afa1d2a0f"}, 
{"path": "sparrowhz/res/sound/PhraseVoice/BOY/", "name": "6603005.wav", "md5": "f752b19c0225e704dc4fcb8988e7d40e"}, 
{"path": "sparrowhz/res/sound/PhraseVoice/BOY/", "name": "6603006.wav", "md5": "3140ca3d2538cc44789efc5ed73028ec"}, 
{"path": "sparrowhz/res/sound/PhraseVoice/GIRL/", "name": "6603000.wav", "md5": "819d9ce1c3f22eccd0394d62b575c04b"}, 
{"path": "sparrowhz/res/sound/PhraseVoice/GIRL/", "name": "6603001.wav", "md5": "592fd4243c73e1493f230bb1ddfbe545"}, 
{"path": "sparrowhz/res/sound/PhraseVoice/GIRL/", "name": "6603002.wav", "md5": "b12aaa201ae1cdb1a25cd671e2e6d144"}, 
{"path": "sparrowhz/res/sound/PhraseVoice/GIRL/", "name": "6603003.wav", "md5": "81d80b6d22f929a4c24a45caacf19383"}, 
{"path": "sparrowhz/res/sound/PhraseVoice/GIRL/", "name": "6603004.wav", "md5": "8619682fe3c6d71a453e118b37363d38"}, 
{"path": "sparrowhz/res/sound/PhraseVoice/GIRL/", "name": "6603005.wav", "md5": "643ebcf26da8fd3848011e6ef21543d4"}, 
{"path": "sparrowhz/res/sound/PhraseVoice/GIRL/", "name": "6603006.wav", "md5": "de02198d1175e72f6ea44d406da66115"}, 
{"path": "sparrowhz/res/sound/", "name": "SEND_CARD.wav", "md5": "d8a1a8a4f377dfc8508cd1459576cca7"}, 
{"path": "sparrowhz/res/sound/", "name": "ZIMO_LOSE.wav", "md5": "2d9d52c855490d2095e325e4b89e6b06"}, 
{"path": "sparrowhz/res/sound/", "name": "ZIMO_WIN.wav", "md5": "4bdc5f42ba9117b7b5f4c609f0f958ae"}, 
{"path": "sparrowhz/src/models/", "name": "CMD_Game.luac", "md5": "3b272476f0b96f4ad3467e3db2f24953"}, 
{"path": "sparrowhz/src/models/", "name": "GameLogic.luac", "md5": "720151482b85c9f3890a4a469a6ff085"}, 
{"path": "sparrowhz/src/views/", "name": "GameLayer.luac", "md5": "ed23291f72ca205c5c2cdd5da009808e"}, 
{"path": "sparrowhz/src/views/", "name": "GameRoomLayer.luac", "md5": "a8c5c0a463f572be6f517b0ab97ae165"}, 
{"path": "sparrowhz/src/views/layer/", "name": "CardLayer.luac", "md5": "085985a91cef75b74945572d047d3659"}, 
{"path": "sparrowhz/src/views/layer/", "name": "GameViewLayer.luac", "md5": "cb87feea0e8ca401e6d62fb92f1603da"}, 
{"path": "sparrowhz/src/views/layer/", "name": "ResultLayer.luac", "md5": "378fd5cf70057168084c63e1d4523648"}, 
{"path": "sparrowhz/src/views/layer/", "name": "SetLayer.luac", "md5": "cee4e7c236f6fb8c7adf5e8252e9edfe"}, 
{"allcount": 303}]}